concept_id,chapter
MenhDeVaTapHop,Mệnh Đề và tập hợp
MenhDe,Mệnh Đề và tập hợp
TapHop,Mệnh Đề và tập hợp
CacPhepToanTrenTapHop,Mệnh Đề và tập hợp
HieuMenhDePhuDinhVaKeoTheo,Mệnh Đề và tập hợp
NhanBietMenhDeVaMenhDeChuaBien,Mệnh Đề và tập hợp
ThucHienPhepToanTrenTapHop,Mệnh Đề và tập hợp
XacDinhTinhDungSaiCuaMenhDe,Mệnh Đề và tập hợp
VanDungPhepToanTrenTapHop,Mệnh Đề và tập hợp
BatPhuongTrinhBacHaiMotAn,Bất phương trình bậc 2 1 ẩn
DauCuaTamThucBacHai,Bất phương trình bậc 2 1 ẩn
GiaiBatPhuongTrinhBacHai,Bất phương trình bậc 2 1 ẩn
GiaiThichDauCuaTamThuc,Bất phương trình bậc 2 1 ẩn
GiaiDuocBatPhuongTrinhTichThuong,Bất phương trình bậc 2 1 ẩn
PhuongTrinhQuyVeBacHai,Bất phương trình bậc 2 1 ẩn
VanDungDauCuaTamThuc,Bất phương trình bậc 2 1 ẩn
GiaiPhuongTrinhChuaCanThuc,Bất phương trình bậc 2 1 ẩn
HamSoBacHaiVaDoThi,Hàm số bậc 2 và đồ thị
HamSoVaDoThi,Hàm số bậc 2 và đồ thị
NhanBietDinhNghiaDuocHamSo,Hàm số bậc 2 và đồ thị
HieuKhaiNiemCoBanVeHamSo,Hàm số bậc 2 và đồ thị
NhanBietCacTrungBinhHoc,Hàm số bậc 2 và đồ thị
VanDungHamSoDeGiaiQuyetVaiBaiToan,Hàm số bậc 2 và đồ thị
HamSoBacHai,Hàm số bậc 2 và đồ thị
NhanBietHinhDangCuaDoThiParabol,Hàm số bậc 2 và đồ thị
TimTapGiaTriCuaHamSoBacHai,Hàm số bậc 2 và đồ thị
VeDoThiParabolCuaHamSoBacHai,Hàm số bậc 2 và đồ thị
VanDungHamSoBacHaiDeGiaiBaiToanThucTien,Hàm số bậc 2 và đồ thị
GiaiThichDinhLyVeDau,Bất phương trình bậc 2 1 ẩn
HieuMenhDeVaDieuKienLogic,Mệnh Đề và tập hợp
NhanBietKhaiNiemCoBanVeTapHop,Mệnh Đề và tập hợp
GiaiBatPhuongTrinhBacHaiMotAn,Bất phương trình bậc 2 1 ẩn
VanDungDuocBatPhuongTrinhBacHai,Bất phương trình bậc 2 1 ẩn
PhuongTrinhQuyVePhuongTrinhBacHai,Bất phương trình bậc 2 1 ẩn
VanDungPhepToanTapHop,Mệnh Đề và tập hợp
GiaiDuocBatPhuongTrinhBacHai,Bất phương trình bậc 2 1 ẩn
