source,target
MenhDeVaTapHop,MenhDe
MenhDeVaTapHop,TapHop
MenhDeVaTapHop,CacPhepToanTrenTapHop
MenhDe,HieuMenhDeVaDieuKienLogic
TapHop,NhanBietKhaiNiemCoBanVeTapHop
TapHop,CacPhepToanTrenTapHop
CacPhepToanTrenTapHop,ThucHienPhepToanTrenTapHop
HieuMenhDeVaDieuKienLogic,XacDinhTinhDungSaiCuaMenhDe
ThucHienPhepToanTrenTapHop,VanDungPhepToanTapHop
ThucHienPhepToanTrenTapHop,GiaiDuocBatPhuongTrinhBacHai
BatPhuongTrinhBacHaiMotAn,DauCuaTamThucBacHai
BatPhuongTrinhBacHaiMotAn,GiaiBatPhuongTrinhBacHaiMotAn
DauCuaTamThucBacHai,GiaiThichDinhLyVeDau
GiaiThichDinhLyVeDau,GiaiBatPhuongTrinhBacHaiMotAn
GiaiBatPhuongTrinhBacHaiMotAn,GiaiDuocBatPhuongTrinhBacHai
GiaiDuocBatPhuongTrinhBacHai,VanDungDuocBatPhuongTrinhBacHai
GiaiDuocBatPhuongTrinhBacHai,PhuongTrinhQuyVePhuongTrinhBacHai
PhuongTrinhQuyVePhuongTrinhBacHai,GiaiPhuongTrinhChuaCanThuc
HamSoBacHaiVaDoThi,HamSoVaDoThi
HamSoVaDoThi,NhanBietDinhNghiaDuocHamSo
HamSoVaDoThi,HamSoBacHai
NhanBietDinhNghiaDuocHamSo,HieuKhaiNiemCoBanVeHamSo
HieuKhaiNiemCoBanVeHamSo,NhanBietCacTrungBinhHoc
NhanBietCacTrungBinhHoc,VanDungHamSoDeGiaiQuyetVaiBaiToan
VanDungHamSoDeGiaiQuyetVaiBaiToan,VeDoThiParabolCuaHamSoBacHai
HamSoBacHai,NhanBietHinhDangCuaDoThiParabol
HamSoBacHai,TimTapGiaTriCuaHamSoBacHai
HamSoBacHai,VeDoThiParabolCuaHamSoBacHai
VeDoThiParabolCuaHamSoBacHai,VanDungHamSoBacHaiDeGiaiBaiToanThucTien
GiaiThichDinhLyVeDau,VeDoThiParabolCuaHamSoBacHai
XacDinhTinhDungSaiCuaMenhDe,VeDoThiParabolCuaHamSoBacHai
